,work_roll_diam_1,work_roll_diam_2,work_roll_diam_3,work_roll_diam_4,work_roll_mileage_1,work_roll_mileage_2,work_roll_mileage_3,work_roll_mileage_4,reduction_1,reduction_2,reduction_3,reduction_4,tension_1,tension_2,tension_3,tension_4,tension_5,roll_speed_1,roll_speed_2,roll_speed_3,roll_speed_4,force_1,force_2,force_3,force_4,torque_1,torque_2,torque_3,torque_4,gap_1,gap_2,gap_3,gap_4,current_1,current_2,current_3,current_4
9342,0.012023302856347685,0.0008753276446562469,0.00732728645991301,-0.0027891800162615204,7.835891505237561e-05,-0.004907054490759025,0.00021509852599896034,-0.0026193740082089884,-0.0009443751990329506,0.008386655512537493,-0.00020182083642187403,0.007920751886267683,-0.0024136057153615943,-0.0023213491630546417,-0.0026438260644984766,-0.001241824009533348,0.0012443085918979217,0.00341994154402831,-0.004091315588642227,-0.0070974690568012455,0.0036524694594360376,0.0006752584204271734,-0.0011554357693724622,-0.013440981903113408,0.004444551979055779,0.001470382628807175,8.869726152624553e-05,0.45176144432751847,-0.026515089111829485,0.0010051129417842995,0.0003128217379950625,-0.008691054075122018,0.0014103198872180605,0.007478869639841536,0.012450215840945016,0.4555585338391635,0.002431109304016004
9343,0.00987787660890414,0.0021297471762712432,0.00805468164248547,-0.012899745262014525,-0.038140771841766154,-0.06425005552805184,0.004231382035747321,-0.024823591934400608,0.0003940124364453388,-0.015953570237131016,0.03486010668682865,-0.030675828976285017,-0.003789406681898982,-0.0031316134204583575,0.0013231105031445624,-0.0003958446070707105,0.0008519450169599934,-0.004776231823295041,-0.01376280073474239,-0.005523403317589933,-0.00592738002800615,0.005299679250553402,-0.013113146761121845,-0.027838907609984743,0.0030067633321353543,-0.014799916041083633,0.02686711968194382,0.09261208692429741,-0.025143373036989946,0.008015016744029711,0.00048061338001086285,-0.00038562390439134407,-0.005343669731907236,-0.033165780392106776,0.008023187121143563,0.09813468775207486,-0.01493928885106773
9344,0.002438240208915294,4.730949246247821e-05,0.002667489129720092,-0.006412790600055208,-0.014004641595432377,3.4564000089253494e-07,-0.0006980832441089123,0.000636312921997154,7.704470869301464e-06,-0.015635064875726436,0.000609740700068259,-0.03213720496588696,0.012124704135446036,0.0005047051973330446,-0.0013445033761672668,-0.002895866442607553,-0.006731954665641145,-0.041669523084710815,0.05777399098374492,0.3194046470388033,0.10110395377307818,0.003515121203284554,-0.007488971543110277,-0.007197389294063515,-0.00019755098551588654,-0.0028550319686958896,0.2932740180574667,0.08887176877906312,0.012295548334077464,0.008736820080084714,-0.0002846463056630563,5.069420876680867e-05,6.153373299948306e-06,-0.003403643612303619,0.13262619588077845,0.055177547633259875,-0.034183322032719544
9345,0.011469830928253951,0.014477288671575177,0.004546685986182036,-0.006695323946090266,-0.007649028784459624,-0.03621085881595112,0.0027170873899982962,-0.001100331842414268,0.00025817754135156086,0.00027247467961083807,0.002776120966979453,0.010673918780812546,-0.0014685899454828667,0.00036969031488602355,0.0006627513918404937,-0.00032890246016904767,0.009504125958095156,-0.022888825316913438,0.23123162336113942,0.4396362932119519,0.14714476906616866,-0.003588581948327677,-0.00023520680057118165,-0.009087696608427598,0.023037579463076944,0.0007404644241129679,0.18474078519900408,-0.007104705962701702,-0.057361120444353826,-0.0004185090888252768,0.003573188573354843,-0.0006217997074903364,0.0009110576000724372,-0.03762332656488677,0.15282973553451787,-0.0965856525527003,-0.03787236560310703
9346,0.014776476486392012,0.00680524105157624,0.005603915089741371,-0.011725481936882711,-0.005551467177671545,-0.014001375759835332,0.00894702539449402,0.005636024595975564,-4.83242287494523e-05,-0.0014201712682067145,0.003885211246864239,0.003288697410025644,-0.0012574641144601616,0.0001983831853916348,-0.0009339452065372261,1.2499719062662151e-05,0.00022187271892712586,-0.02782924203037206,0.284866439793841,0.1789431777211333,0.3719375119355391,-0.002085240603191768,-0.013260313778397792,-0.0015328381335711924,0.011283285856479766,0.0018638439429923763,0.13904338147481515,-0.008088906957612687,-0.017401139766734554,-0.00047417250442473156,-0.0013076093649336516,-0.002423805577273006,2.4938247709920675e-06,-0.0025916913491285747,0.13949376547505382,-0.05771771829420081,-0.09242557582542459
9347,0.00887685496796621,0.0032482236193997426,0.007372558164061048,-0.005694144558995809,-0.007245648332464043,-0.013716405834517614,0.007474748653379111,-0.0022682774920637465,-0.00016499311110237252,0.0009408871420115908,-0.002731363195149846,0.004988052638655067,0.005032338624490263,-0.00011655579524812223,0.0002617774843626473,-0.0021754915710577474,0.0002645952075060176,-0.05941142526717156,0.34751328089555805,0.1736054940752608,0.005680839896376727,-0.00011396840127418766,-0.0019802749702163788,-0.002301740955639024,0.005920288529111233,-0.0027907419463736017,0.43734930100831354,-0.002504307492830179,-0.011873013362831723,0.0016339082830624338,-0.00076796936152582,-1.6392375303739964e-05,0.0039147618754456475,-0.026766396559445044,0.14774845930088001,-0.10441083548997997,-4.360164253739152e-05
9348,0.0072327023171237575,0.00206449565749304,0.00010057115141535952,-0.004773118036682706,-0.006944764086122941,-0.006925738287973218,0.008579982256827259,-0.003676308686553962,0.00011698770947987831,0.003844243690643142,0.0013249722548061796,-0.019906328548677268,0.007822155728354102,-3.651532441532358e-05,-3.320192258494022e-05,-0.0010952081582703058,-0.001669959646145194,-0.07631514022330521,0.21338129251797608,0.35619902978204965,0.05068134713888869,-0.0020206285810369785,-0.0003177794502698701,-0.01798521254269871,0.0046314672384566305,-0.004766536942527944,0.4612925046620269,1.3150394079317757e-06,-0.012502238728435868,0.00013988807942950642,-0.011476204204470082,-0.005598455299041222,-0.001249618470707593,-0.011459283613367002,0.13825190727162406,-0.12667737670650236,-0.025502481990746062
9349,-1.3873704107633132e-05,-0.00010345958347898048,1.60135202653137e-06,-0.0002868797828947806,-0.000341665193845983,-0.0007145541432934501,0.00010640177487706198,-6.904576633436218e-06,1.1592603793053905e-06,3.379182414694793e-05,-0.0001306550380346997,5.164927279111056e-06,-0.0001372918514728862,-6.80365648198236e-06,-1.478445774409982e-05,4.656199763606512e-05,6.773065736826348e-07,0.00011868705099914368,-0.005084400931082201,-0.004425545919511934,-0.0054083084410134095,-6.604808285677177e-05,-2.6716597979733834e-05,-0.0004893552866997191,0.00032986118972379075,-0.004726154212839902,-0.0020494505967750846,-0.009702998908275426,-0.03660577976387382,2.5403160543647563e-05,-0.0001299576611684954,2.4016021731465987e-05,5.43550061411234e-05,-0.001407410641259048,-1.590077309325878e-05,-0.00837095059415636,-2.379460978166416e-05
9350,0.002187901064947559,-0.00017406356676171277,-0.00063716242351802,-0.0002930078300414601,-0.0007658296480076392,0.0011771909679130959,0.00043243941627830817,0.0008087040450967231,-5.7551924158664266e-05,3.056815573169511e-05,-0.0005078603864725073,0.00040961724298540554,-0.00025701140693854603,0.0004644488661627591,0.00011751960371232954,-0.0003140197464381349,-0.0003726665682431001,0.0017740047612460326,-0.004462334074196405,-0.012144795525916074,-0.007759099789060806,2.7773210022135096e-05,0.0002138425087711475,-0.0013657522975699967,0.00301349680647642,-0.0027615227033190117,-0.002239930217037909,-0.008821366948444242,-0.03274601117930918,0.0005787157832916507,-0.000257210901278693,-5.855882879889793e-05,0.00013162615893331096,-0.0005511174154041034,0.003095326977878964,-0.0056321928781108,-0.011826093353738543
9351,-4.4441937158767497e-08,-0.00018074772718440076,9.835424231519375e-06,-0.0003750977347954173,-0.0005093371995220268,-8.405738733320935e-05,0.00015351917371541916,-0.00019241957207365528,-1.2353047301682133e-05,0.0011327740657725363,-0.0005413808135199352,0.0007884254107678616,-0.0004284917769837181,0.00015504151010342553,-8.119155672223537e-05,3.54697380680593e-05,0.0008589656428860788,0.0018310034129535781,-0.009818689956543192,-0.010635557875502853,-0.0060722136516900135,-6.047127535565659e-06,0.00018365703212718125,-0.0006005911818162212,0.00387722096667858,-0.0016274064378618877,-0.0036617055102639525,-0.009046592314067918,-0.035453931311591684,-0.00017136402108008093,-0.00026647334918379807,4.028641415061455e-05,0.0003037392584762229,-0.0009037532018070735,-0.00055423965114945,-0.006602650091032653,-0.0010855605911153038
9352,-6.674995335439862e-05,-2.9841903596466674e-08,1.6817930445540447e-05,-0.00013123911989775148,-0.0010091877992575368,0.0005269009794574233,0.00019833611654272859,0.0005481102919050801,-7.407379259044906e-05,3.9425252471119656e-05,5.361377872759349e-05,-0.00014273592532845075,-0.00011035144552200537,-3.776913528175319e-05,-9.865658842803552e-06,3.12814962429317e-05,-0.00013106725634619095,0.0015408254598150933,-0.010338200354114329,-0.01201439304985494,-0.0027264420963668576,-2.276019426062673e-05,-8.26096327121571e-06,-0.0003348963581568875,0.0005783528542572952,-0.0017116528334251287,-0.00028658630840558083,-0.00998113183149447,-0.03039224100561114,-0.00018562456369787973,4.9813332346578615e-05,-1.4761817583349888e-05,0.00022760492390565016,-0.00039189949156328364,-0.002201445680305671,-0.008406410896568559,-0.002623276862820301
9353,0.0009327021637970284,-8.632931518756692e-05,-0.00012761524975455138,-0.0002334221418520121,-0.00046042258909437624,-0.0014834574504250973,9.569548943545696e-05,0.00046946404851041704,-3.238724505840113e-06,-0.00034365589041650935,-0.00025933452813963723,0.003907030263314179,0.00042728441078603973,7.072735810652473e-05,2.3930523893796115e-05,-0.00021939926935980625,0.00017431706228914333,0.002393778733773312,-0.010996080525122428,-0.01150635789866404,-0.007458719497468944,1.746820819486468e-05,0.00010751571418950536,-0.001392942897218744,0.001584781060325135,-0.0016791956768914445,-0.0022468938113888717,-0.008686640881351194,-0.029785746616350178,-4.303829783263363e-05,1.4276439809084412e-05,3.127127216430413e-05,4.748769822375154e-05,-0.002686818578028275,-0.0006136629848818586,-0.007746138231887017,-0.00178060576727148
9354,-2.4466738298845422e-05,-7.847472637270761e-05,2.020701901831709e-05,-0.00016308361092038878,-0.0001173361139566013,-0.000551076415576973,0.00021478219171209905,0.0009650808926865757,1.299897334926638e-05,0.00018562602655341196,-0.00014400903096732949,-0.0002369397203437984,-3.2319550324851316e-05,2.771704642024453e-05,2.1660187145851194e-05,-3.574046325714535e-05,-0.0001951807738320596,0.001166866048006341,-0.0018203461836674261,-0.002693518084706739,-0.0075157379586986905,-1.8196976064550148e-05,8.916131502094925e-05,-0.00011835315313267945,0.0004634137089791076,-0.002390334714533917,-0.005291167498119951,-0.009895839968521612,-0.037331869186115606,-1.076244428986731e-05,-3.9817359744725554e-05,-6.248324643830665e-07,3.1107423710637355e-05,-0.0011357388567800313,-0.0006701531050687957,-0.00858965102524962,-0.00363984345109202
9355,0.000403707251243759,0.00023004137134800286,-0.00017465573948963184,-0.0004811325846822008,-0.0003763854340650152,-1.0293550052060084e-05,2.1777433090998236e-05,0.00031428011134266784,-2.8472782481305263e-05,-0.00022599650546908253,1.4888511116927023e-05,0.000272534130393372,-1.1308691270338843e-05,2.1436135284610955e-07,1.5309213389026707e-06,-8.623846059587517e-05,1.192382478620951e-05,0.0009539859812745507,-0.0048637262697836066,-0.008417730450261542,-0.008972837503048748,-6.728513108100648e-06,-0.00012390637139712187,-0.00018583794687098394,0.0011618648053263322,-0.0026040157134411862,-0.0034514525185416743,-0.009513257220581483,-0.033692704718656985,6.989713748528913e-05,-0.00039015749925359536,-1.757644388514236e-05,-2.3447420292844443e-05,-0.0016111174688558105,0.0015593300786955905,-0.008972215930989477,-0.00031676422503854507
9356,0.002022801853114894,0.00012565196026116424,-0.0006976275435105591,-0.0006879655887799644,-0.00042453345270284114,0.000704738866867653,0.00011594252049690143,0.00022083594085415943,1.6503286121103187e-05,-0.0002896992347086772,0.0007291954760633721,0.0012271266857472572,0.000498790358639477,-2.3943300378354542e-05,4.724157430852462e-05,2.895073460725486e-06,0.0002034964816023901,0.0014407558351134256,-0.00505503489713495,-0.013678124451447124,-0.010926465826438895,-8.59937881856841e-05,-5.01279814246413e-05,0.0006056047319240556,0.004357431732156933,-0.0024306677985199104,-0.0017507639773733303,-0.011688525078934621,-0.02919010935904226,-0.0004346896798233496,-0.00022742441001658538,-1.071429656197625e-05,0.000418814736670659,-0.001533784902712796,0.0011046388364047749,-0.00893564666310946,-0.005262613932330472
9357,-9.775904899773593e-05,-2.4312684157243177e-05,2.0149509849336303e-05,-0.00018439021980157003,-0.00028681777204231677,-0.00042093146330444216,-6.817457140035374e-05,0.0005997474219960459,-7.010847999481347e-05,0.0001465261692646897,-7.0694624155294e-05,0.0001693416508108701,-5.6205152359326634e-05,-3.679670500180948e-05,5.6946268208169534e-05,-1.6719820753968984e-06,0.0004909666212430855,0.001548273875766123,-0.0025696207221092967,-0.005362581502219352,-0.004488194336978873,-2.8770037364059377e-05,0.00019008383145167855,-0.00022721089548819297,0.0005305059827514922,-0.0024319269004627127,-0.001677893240994307,-0.009789925562411858,-0.04064447641081642,-0.0001004127509077075,-1.4612088853028325e-05,1.9318047658696553e-05,5.6185060918020545e-05,-0.00036865055017794193,-0.0039305720108677635,-0.008096376640605741,-0.002320934450932933
9358,0.0015056170604657367,5.9079354493103425e-05,-0.0006656904510843256,-0.00038322002471735125,-0.0003074843475284689,0.0005682894494384522,2.318762611442795e-06,5.229823776365666e-05,-5.777266827257424e-06,0.0008697724629503997,0.00033094269514549393,-0.0013829525582453558,0.00017032414490434654,0.0005607233362388816,-5.648097915889903e-07,8.314963003311034e-06,-0.00012690701958490512,0.0014142166438008048,-0.007727185496478343,-0.010229240975653135,-0.00599921050335979,-2.2221606923280624e-06,0.00047321382560767326,-0.00047344021101404396,0.0006548840780548438,-0.003142042845138351,-0.00097864751558518,-0.010351109072798863,-0.03146300564190217,5.161727215939509e-05,0.00016362472553737434,-3.385762004957045e-06,8.184982279393265e-05,0.0003584683899922922,-0.004017018241574988,-0.008673962846417756,-0.0009341133079336334
9359,0.0002286207380044886,-6.808936372787478e-05,0.00025250847752128356,-0.0001283351779178112,-0.00021961788064800222,0.0004355568869505079,-7.742418286698897e-07,7.607717901312954e-05,2.551957974598628e-05,6.378878412456948e-06,-0.00017812254955060637,-0.0005041344845085409,0.000591042817492658,1.642895988576794e-05,-1.8901827667528576e-05,3.4215468234226474e-05,-0.000123387870456402,0.0014931681061473986,-0.008436655978633401,-0.016688037429703397,-0.001735360021993984,4.02353232493639e-05,6.0021565004719084e-05,-0.00010781855303018124,0.00016297327868718025,-0.00036931205608804453,-0.0025395719663356448,-0.01111120819298473,-0.030835533379480095,0.0005564720013838598,-3.678704476139602e-06,3.0272580528010182e-05,0.00018698332365602236,-0.0008720649133708034,0.0005005957161968887,-0.0072330950212199235,-0.003065252631495243
9360,-3.0135473934915616e-07,0.00015578471735352422,-0.00026297841968092475,-0.00034907040671290347,-0.0002678817514485367,0.0014627353911055246,4.944107010185885e-06,0.0022862445895831724,-9.705194931787677e-05,-0.00022248530673095964,-0.0009540801810605137,0.0007370097687817186,0.00027004943656114267,7.056747563190572e-07,7.553220251187014e-05,7.673298047546095e-06,-7.532767117178839e-05,0.0013676751839617888,-0.0078075674044278745,-0.012202125821592446,-0.0011940225902556756,3.920701565219885e-06,5.607562624694268e-05,-6.597629884102763e-06,2.994049961368269e-05,-0.002815794132087223,-0.001494717267535938,-0.009683163863761973,-0.03524077568251716,-7.254328704827077e-05,1.815402143013892e-05,-4.2894952154409055e-07,0.0001385267102159568,-0.0007876376963880228,-0.001454799871911139,-0.0064796549995662645,-0.00468792517106825
9361,0.0001322062795710126,2.7461431648891723e-05,2.428714166550471e-05,-0.0008416434901300812,0.00023260095234339502,0.0014830843689075362,-0.0001146139810831904,0.00044237482875663075,-0.00010674280822665184,-0.0006522371423974014,-0.00018651130347279723,0.00044946512585738557,-6.826438097050354e-05,3.309552751791645e-06,5.557543995867805e-05,2.1475356382628724e-05,0.00027345424265755986,0.0023999523465560433,-0.0020666758177685534,-0.016534549193553783,-0.002889757511341787,2.323332475498229e-05,-0.0003006559108810806,-0.00011188653278319871,0.0026282408200980476,-0.004562878019157021,-0.0013312022388951546,-0.009690291819376093,-0.03607628996580994,-3.033640377301114e-05,-0.00022956817828041092,0.00018958224556020798,4.59590319466464e-05,-0.0009873342963207198,-0.001066397736043049,-0.008526966103042167,-0.001599431475818469
9362,-2.139873104169779e-06,6.582973845070206e-05,4.5657973775328906e-05,-9.385427285451463e-05,-0.0007612561984569771,0.0007032536762805328,-0.000425235519457298,0.00031302164114701414,-2.4183818216529427e-07,6.465205728697324e-05,-0.0012747917839442374,0.00038618634348191934,-2.6103607378899865e-05,1.8546290812080507e-06,-9.401885103822277e-05,1.6232525134302572e-05,-0.00026262937744225715,0.0016013733670115476,-0.00546606406433663,-0.00838381336827297,-0.007880534074017002,0.00010768060805276058,0.00032707080768886967,-0.00030295502898904184,0.0011108870004924642,-0.0023216970179540425,-0.00507068525068462,-0.010314144934236538,-0.034817935580892176,8.407240151427759e-05,0.0003265779336409961,-0.00016673117779040134,2.8795358472659063e-05,-0.00020449959440157028,-0.00031692786840722005,-0.005388547874851307,-0.0011502770804994132
9363,0.0007950757676735519,1.3038931938353556e-05,2.0968887450484054e-05,-0.00033042820801104655,-0.000275887603929732,0.0003679662908931889,7.731432609337669e-05,0.0017579892319433072,-2.505313828199472e-05,-0.0009689352149143812,-6.113663703824098e-05,0.00291257856588345,-2.3522396125673183e-05,-4.520928341662648e-05,0.0001312607287157638,8.223170812319245e-05,-0.00012569656294848027,0.00016484454507008383,-0.006635286938302064,-0.0074942231051196954,-0.009769426480828161,-0.00012653833788742183,-4.697502978765458e-06,0.0014106901323733233,0.002431129108202488,-0.0022625383270982054,-0.002806090425583533,-0.010520017345552331,-0.03598116699916621,5.276411005373424e-05,-0.0001577384295524103,-0.00012017158975746943,8.631870296085176e-05,-0.0013344396560569292,0.001681613336744097,-0.00784627864137292,-0.004613271861162502
9364,0.0006391625819378528,9.629266685806221e-05,-0.0006068372663382141,-5.740846604264059e-05,0.00010982363096748855,0.0014016916595088948,-0.00012488742523904353,0.00018261136196088117,2.0041438983756763e-06,-4.1482963036588375e-05,-0.00011270652913178017,0.00019978142673305154,-0.0001224480942861806,-0.0001684527560913306,-5.756802565883802e-05,0.0003665114118484778,-3.95237611761946e-05,0.0013950512450537653,-0.00979292646778049,-0.014258480871309681,-0.0019150121392643397,-2.7273587572745055e-08,4.341308667791043e-06,0.00018652894844611474,0.001923079706515031,-0.003987337944369452,-0.0006082534958841278,-0.010164435686019714,-0.03428025971816775,0.00012365952929636827,6.0702769745451104e-05,7.63021661744772e-05,0.00010348977637477314,3.548734045277089e-05,-0.0011261994945622664,-0.009201285490513935,0.00021704339645414974
9365,0.0008069491789016555,-3.176249398772297e-05,3.895362344337501e-05,-0.00015949471785764284,4.215102235320976e-05,0.0006721842453892656,-3.429852862609527e-05,0.001695697299049547,-1.7673749728904307e-05,0.00020903222418079833,-0.00044551548033874996,0.0020889548466463265,-0.0003313156434645242,-0.0002569598906363053,4.356980789452742e-05,5.775039355891488e-05,0.00011151497407505939,0.002150117906858213,-0.009612797646065397,-0.016227424345658315,-0.003848552747028102,8.276822229769537e-05,0.0008381234962143934,0.001016188391949981,0.000447540855869494,-0.0036597727618451867,-0.0016694455509423294,-0.009435688536032103,-0.03289867984072771,-0.0007852063250417507,9.831145900534461e-05,2.0282329739226964e-05,2.1648121764882913e-06,-0.001284079759304101,0.0012170500020147294,-0.008376587957415423,-0.0021059964894084263
9366,0.000547710645963283,-0.00011444627889431874,-0.0005677687434945249,-0.00020017522455115472,-0.00016657340670159747,0.0003351995353780976,-0.0006474222623122244,0.00024967142633007284,-5.430587295753083e-05,-0.0008908859685955875,-0.00042758543587600144,0.00011370247171725878,0.0002016773263070103,-8.845571661368001e-05,2.6266794593538477e-05,8.300377715689457e-05,-3.527753278224973e-05,0.002745315298476878,-0.005026424787744569,-0.009674277679587248,-0.003541676830791401,1.4599790738429195e-05,-0.00011272735224338117,0.0002591122174635528,0.000773773122928104,-0.0013177656622913988,-0.003241603878559545,-0.010742915292309288,-0.03775186155389141,0.0011338688851295342,0.00022318354371236664,-4.80352571078744e-06,0.0003094022335911469,-0.0010001267578142387,-0.0004454698054663208,-0.006466769885640437,-0.004039098106926151
9367,0.0003274921821624357,-5.526938640589992e-05,1.5375585838529144e-05,0.0002930305579987673,6.27693692998343e-05,0.0014435999606697213,-1.665459829382477e-05,-0.0008793037161619081,-5.193331162439211e-07,-0.0001373483932305451,2.611811408618176e-06,0.00011047721258364615,-0.0001757762654839691,0.00015009183756774277,6.290900152331268e-06,-1.0680930184509748e-05,-1.6356090782142e-07,0.0012844303250312786,-0.009418216263875364,-0.007398134145478254,-0.005519923456789306,5.409052828325284e-06,6.417100618515713e-05,9.117317075530714e-05,9.294326009694475e-05,-0.0022994745505275217,-0.003077320999485286,-0.009527779380926707,-0.028919661960583955,-7.599495331912022e-05,-0.00018090967418781098,-6.490215377804387e-05,2.969560873073886e-05,-0.0007318260384878783,-0.0016435564627560473,-0.008009604280038425,-0.005378523869536971
9368,0.0012388417303251726,-5.886630737222673e-05,-1.8720970353265957e-05,6.7228386372654115e-06,0.00021168292490377448,0.00037396337652656383,-4.045186050158668e-05,-0.0010556069668382405,2.1209128802487654e-05,0.0006208116636844365,0.00015443206202083644,0.0011090759902920868,6.901549941782489e-05,-1.3722815007506518e-07,2.871831917824173e-06,-4.034280224004795e-05,-0.0001372454977051044,0.0011978311599038234,-0.013626204549218526,-0.010342241348116659,-0.0010800071115954788,-0.0001364783716659681,0.00019560760226644135,0.0006143800720262019,0.0002663513080915436,-0.0013829355322135001,-0.004917848099527569,-0.009967774900627167,-0.03369034871070956,-0.00044000955667191505,0.00018926376079131477,2.3370912337359944e-06,0.00019131061950853723,-0.00013272965598540968,-0.0003371816418560529,-0.009817678797408006,0.0012151324520042787
9369,-6.923925539013311e-06,6.579124669466633e-05,-8.800098556094011e-05,0.00019626929308287668,8.605327825838078e-05,5.768813367467411e-05,-7.95289573337259e-05,-0.0015143765719646271,9.158430281483122e-05,-7.52967535906139e-05,-0.0006416250066831708,0.003941421130536279,0.0001262687437701981,0.00011162153736222489,1.8431320010398709e-07,-3.8673885574098435e-05,-0.00012117357720853825,0.0006534153910858244,-0.007290839377674275,-0.008254023449747667,-0.0036413947179486663,-7.688560387274932e-05,-0.00015407559685020892,0.00034819196017148564,0.00019436007336480582,-0.0036576838353842814,0.0009977120540376437,-0.012813604656839742,-0.036910587345870834,2.8968905098848246e-07,1.2416448250103244e-05,-0.00013477612655454598,-0.00024017461740489339,-0.0009609772957628599,0.00026384627398026,-0.00549059856518094,-0.00449786181319117
9370,-0.00016002272255718738,-0.0001421785682517407,1.6853054985401878e-05,0.0004130519557899487,0.00014167997918169425,0.00044682242141182827,-4.384431619354515e-06,-8.688691916177017e-05,2.511596734016149e-06,-0.00030092560928702996,-0.0007411536349294102,0.00030331015218204517,-0.00034182986099040124,-0.00015386985032819121,4.995191644411624e-05,2.476836991263491e-05,2.686918596736897e-06,0.0009118095480759296,-0.003002498283846458,-0.009009868475453304,-0.004959765047242399,-7.756736110118139e-06,-1.3070637942298785e-06,0.00046653842669911724,3.173588561670268e-05,-0.003124889271372619,-0.002289533502286455,-0.010628858900260336,-0.03705180078977719,7.478633197025121e-06,-6.0354906599954816e-06,2.824795762232235e-06,3.496171751369984e-06,-0.0003917861127411015,-0.0013093168255484983,-0.00857831253107482,-7.452324585756203e-05
9371,0.0003397390617950193,-0.0002866010423167632,6.11165887649761e-08,0.0006634337423020038,-0.0005619326648108344,-2.3774775521216026e-06,-1.1963162493581197e-06,-0.0003920524384981637,-1.6148090556582315e-06,0.0003347233072660539,-6.37402188537329e-05,0.0029629641648110327,0.00024193977083390014,1.3131008017809048e-05,1.700008850699918e-05,0.00015267187050388483,-1.4016952094002231e-05,0.00012846482762446005,-0.008710508055616325,-0.009981305635980485,-0.0037463987836963493,1.175541217283604e-05,0.00015068519841103498,0.00035594534875902614,0.00012382786691887297,-0.002935857937457816,-0.0063137450585297,-0.01040391527591661,-0.03471340102521935,-0.00020530936182088462,4.797162061246653e-06,-1.9985919061581338e-05,0.00015572352664700387,-0.00044664899692482417,-0.0009877043874197012,-0.0060715644495212455,0.0006610461667878551
9372,0.0009020058346989883,8.362393263572036e-05,-2.1297751421421886e-06,1.7039972590282017e-05,0.0005476626757687581,0.0013077087644099573,-0.0005632845328849115,-0.0005554487645470857,-1.1113855192285011e-05,6.412417686078766e-05,-0.0006844056289992288,-0.00011759814136894484,3.464972774963788e-05,6.82418006666309e-05,7.163896118678924e-05,-1.6385012228655354e-06,0.00016348803862153245,0.0015353290781301137,-0.00965014569170307,-0.018789036243397277,-0.00584968126747602,-0.00022454405135552673,0.00032403531426098044,9.03414700102689e-05,-0.00012973015545867324,-0.0019563197604535753,-0.002553348286698263,-0.010175821415808362,-0.02174890092224814,3.620296542067386e-05,2.6993023445054675e-05,0.00017180168040795295,5.805962757828284e-05,9.173046390060362e-05,2.9621714687276157e-06,-0.007664945856765065,-0.004461521679089249
9373,-0.0001070899024489349,7.941634656162881e-05,-0.00012466081544213638,0.0003780841024126869,-8.911263828243533e-05,9.89615851237132e-05,-0.00011233270022785269,-0.00025269292333784206,-1.943359869376631e-06,0.0001487290476021976,-9.858834586339006e-05,0.0013487554280436599,0.00017179655890989516,-1.889587661329111e-05,-2.3056757345329873e-05,-6.179398352590712e-05,-1.7660082376095725e-05,0.0015393817123064467,-0.013377315640100279,-0.011566794102836868,-0.0026477241216343824,-2.3444241863519336e-05,0.00016708406891363528,7.500571363683279e-05,0.001001278941209116,-0.0007495235131743058,-0.0030209474226770296,-0.011526541247828087,-0.030534448126757822,-9.256471482027889e-05,-2.196550087925476e-05,0.00016387948494714973,9.227457242862724e-05,-0.0008241620595799759,0.00035178961057681586,-0.009726700884154222,-0.00013845771880975692
9374,2.351038060927246e-05,7.503463585938697e-05,-0.00023544660827610805,0.00209409374675791,0.0006554911841521981,0.0013140574243152507,-9.652845231660528e-06,-4.917760069171492e-05,8.845416790183657e-06,9.88121562598577e-05,-0.0003852342634733478,0.00038061445656543063,-0.00021452356954493201,6.820160187392871e-05,-3.4530058231527013e-06,-4.246795559689994e-05,-2.9872200296569818e-05,4.133780748816117e-05,-0.00780581440689275,-0.006292644985369405,-0.00682620172505267,-3.960352041758612e-05,-5.9045863163191755e-05,0.0007953421686155106,4.959885651866625e-05,-0.002607217803112386,-0.0023892200967141728,-0.01116635958023835,-0.03491653096241256,6.793376038937764e-06,-7.265020452905479e-05,-6.055238094023175e-06,0.0003785175657443067,-0.0009149233532176954,-0.0005149799220574395,-0.008225426308151025,-0.00272573129380665
9375,0.0012007468443092264,1.5097483216474587e-05,9.526285478689362e-06,0.0005919032098609025,2.108848139565986e-05,0.00040517967902512034,-0.0003856398157464967,-0.0007393002659470453,-5.7409035216553075e-05,1.6428340847294534e-05,-0.0005771004361061692,0.002020377528000002,0.00033529465697938613,1.050417020451302e-05,-3.5599379528616667e-06,2.9207397698581034e-05,-0.00019466330006252951,0.0015841522254049784,-0.007040847248960442,-0.00562128901219694,-0.004774403617872545,2.327047501845813e-05,0.000473532153991983,0.000867728897428606,0.0003126535272652608,-0.0032496694437577395,-0.007627156972982145,-0.01127626237643805,-0.03742354292374026,-2.5381840241607784e-05,-0.0006262202967385143,8.464355109026666e-05,0.0001491100931889383,-0.0010721258270981083,-0.0009189633246084367,-0.0056801177943513435,-0.0003987556701758883
9376,0.0011408959844266067,3.795306091584869e-05,6.72414413808961e-07,0.0001939733268227418,0.00020674105723931884,0.0013418245982029472,-0.0009324243236915226,-0.00013273823327229886,2.819213569940397e-05,-0.0004597137890717331,0.0009886293541057974,-0.0017376979658729396,-0.00010616203120056012,-0.00013511592628977668,-2.6948830539671414e-06,5.149905880292232e-05,8.865904965205194e-05,0.00080412953189807,-0.009555424603847012,-0.018533445241628213,-0.007544621079675077,2.784981848284028e-05,1.4380303327925982e-05,0.000215977980794075,-0.0002752365227206613,-0.005423350720569335,-0.0014201628076261823,-0.010680299050291067,-0.014913080879390084,0.0001739708918224412,0.00012314883283882658,1.0507738043089393e-05,1.1041930799062799e-05,-0.0003103361457275849,0.001270380962232595,-0.007264182191477934,-0.006845684354484547
9377,0.00039643901439073156,0.00015471336839254936,-0.0001567380664831336,0.0009962972078938028,0.0007912157937729113,0.0012012790160952141,-6.04593681055116e-05,-7.462182111339808e-05,-0.00011403441002282015,-0.0004368417166794345,-4.865363201436539e-06,-0.00028086468383359264,0.0004295836844054665,7.078800641466065e-05,-2.308527909917608e-05,-0.00014003835133432062,0.0003065511291303349,0.00028241177399953264,-0.005996279590763151,-0.010802749702706933,-0.0036398265643704983,8.99544307806843e-05,-0.00013710729312151553,0.0003285251212461542,4.5248371316121924e-05,-0.003937121211589935,-0.0024290601797595933,-0.00977085356338648,-0.03532243371970253,0.0005271217484065939,-0.0004830118113507835,-8.676076928782495e-07,0.0002847854264352166,-0.002448319471053157,-0.00216807234256218,-0.00780908441617309,0.0007894583016362337
9378,0.0018286023674105917,0.00019132816805116372,-0.0003264155567740108,0.0005316104734083646,0.0006462917720394525,-0.0025871296182352435,-0.00031154470809269865,-6.32621664165829e-05,-5.8332884703607184e-05,0.0001238135580206302,-0.0022004905159701592,-0.0017193304114819813,-0.0003503684847964907,1.3181750546209208e-05,6.137035690092779e-05,3.196487765913142e-06,-0.00016969202978846771,0.002424979079902793,-0.00197727701762536,-0.015175138245297906,-0.010368112787740148,0.00010703281247212224,-9.569907851982571e-06,0.0003462409591884355,-1.565072171312507e-05,-0.0028240124735748385,-0.0008265218556819791,-0.00988882782975755,-0.025693765525065828,6.99945833184756e-05,1.6319037337477193e-05,-1.0480540998590032e-05,2.2152351060258843e-05,-0.0005956626488477925,-0.0024716596377159774,-0.007091764061478896,-0.0011930652390583433
9379,0.0002649108963669277,0.0003664425245369788,-6.723725673509733e-05,0.0007579077197199996,0.00014238497125916206,-0.0009027365350630133,0.00011930183264970282,8.37231239226364e-06,-3.213755427471719e-05,4.6892290314038256e-05,0.00031059572385856786,-5.0514438771634175e-06,0.00013833622166809523,8.057819892806723e-06,-6.691569772859051e-06,1.1706468649208687e-05,-0.00010349201028778572,0.002533890855168768,-0.007417611271084753,-0.010945677989608764,-0.0033508754255793375,-2.3295117910796452e-05,5.1380362031826676e-05,0.00020184154835684978,1.8306966230739693e-05,-0.0038036677889370673,-0.0035890325294652328,-0.010264206285646654,-0.03320540282720078,0.0003495664089374865,2.6480759455209642e-06,-2.196149405790531e-05,2.5661681623515365e-06,-0.00024149220116669292,-0.0001425710253533895,-0.008946716823265888,-0.0018072430450896118
9380,9.633273856404057e-05,-9.580954938428453e-05,-0.0002863556763622913,0.000101691477272348,0.00020733159491404297,-0.003041555031765409,0.0011886458045531378,-0.00014518584241159357,-0.00020210461332074615,0.00033953374930812633,-0.0014404195486955977,0.0007348677174498628,-0.00015922359976684706,1.5845636274510447e-05,-1.1084041325374003e-05,0.00011311169597320244,-0.00019007827523940648,0.0012728421563709454,-0.0025877598814743894,-0.016423247499236217,-0.007128390944174802,0.00018442110439840037,0.00032146850038164556,-0.0001148239303923511,0.0010671639467667176,-2.8017390286550592e-05,-0.0026208343331624445,-0.009919570869048279,-0.02746571165024458,0.0002540674172147799,-0.00015880123663616062,7.562135569363355e-05,4.200098628645338e-06,-0.0006381669978145513,-0.000112397176271769,-0.005745141873873459,-0.007004436852585058
9381,0.0007945118122734133,-1.0063393080296545e-05,-0.0002864532894454904,0.0014282441852265044,0.00025182486540870763,-0.0010236682421721841,0.00014921655655295244,8.56730122662461e-05,-6.7816449639686365e-06,5.130883257758415e-05,-0.0004537466032585756,0.0007530278971535157,5.4306496555605687e-05,1.697106956271499e-05,5.989651913599391e-05,-6.791663676267375e-05,-8.070575053958977e-05,0.002680048007653871,-0.00864595518592978,-0.011796442522803168,-0.015634100353248262,0.00010335334935613611,0.00023886036806895124,0.0003688397563140222,0.0006886994497229661,-0.002930301746625142,-0.0025145501581331103,-0.00933362817420857,-0.02481659973428274,0.00026644471683539525,7.359587800844377e-05,4.7317953722084625e-05,-2.288979041623023e-05,0.0004301733142347093,0.001481090634382176,-0.009440150511994335,-0.0025014257854005947
9382,0.0011994391097687185,-4.586498253047488e-05,-0.00018230233758610194,0.000911608694683915,0.00012646386458072892,-0.0012780940001054352,0.000892150585520236,-0.0005635113451474663,-1.116229939119194e-05,0.0003836148666838796,-0.0009566251992752459,0.0002571985007186099,0.00016988272633170517,0.00018277970792648012,-7.179057545726997e-05,-1.0452609858475304e-05,7.155793757798631e-05,0.0010498454769064362,-0.004966780955631597,-0.010652606881340038,-0.010426734746627822,2.1338348645561834e-05,0.001063403261650819,-0.000814069606810032,0.0005035272147506475,-0.002686452391305162,-0.003848407012992538,-0.010885280428628902,-0.02954920060302053,1.5248525499677866e-05,4.889076410715136e-05,-5.834246015486692e-05,2.298309496836627e-05,-9.023157472256507e-05,-0.0016897758485477715,-0.006711814890732057,-0.0009623869881033893
9383,-2.3257014787910315e-05,0.00022857708235581652,-0.0002441932033010136,0.00031545489075748855,0.00034014033105146603,-0.002306295034941286,0.0008136478666953428,-0.00010183974353519039,-8.238913122719804e-05,-0.0004958497815338593,0.0002472676863544615,1.836534550725313e-06,-0.0002548697061138236,-0.00030771431881779237,1.6932346528241984e-05,-5.297463513367485e-05,-1.5343022920812782e-05,0.002606666315405164,-0.00469661467000454,-0.016891884481301533,-0.0017402783312718362,-5.530715958836027e-06,0.00024592016522850227,0.00042136471039460433,0.0013188510686935227,-0.0014409548679638342,-0.0011450871379929599,-0.011002783961109042,-0.033997261076971576,0.00022561518223180037,7.887125490621271e-05,7.046658429317138e-05,0.00026922996175320264,-0.0013221078443651378,0.0002938837555120695,-0.008419502820955433,-0.0024899829381805224
9384,0.00025032407817586103,-5.124823607426809e-05,-0.0002619085272696499,0.0006332886485809749,0.000872655452791756,-0.0019670124063850387,0.0004741569195175542,-1.6851176139122603e-05,-7.843355706427239e-06,0.00010581216076389052,-0.00016058196527107512,0.0008472856881174581,3.5918089852202356e-05,-0.00010107692030336111,0.0001017277027131062,3.078774723689944e-05,0.00025006576809877154,0.005368929151542638,-0.0073804729426046834,-0.01723609022446908,-0.008461118529279095,1.0431722718447822e-05,0.00021182670413206006,1.8952787601543423e-05,0.0004689693004669007,-0.00361191887165963,-0.0015798239920210707,-0.010065365857056651,-0.024915776246537763,0.00012025855423416835,2.162175621682114e-05,7.462791710471125e-05,2.035350286557341e-06,-0.0001311934213542058,-0.0005796558782458308,-0.008303743083185206,-0.004609977911653307
9385,1.7148015710255468e-07,-3.173422223577901e-05,-0.0002608648613871383,0.00029391702196638453,0.0004045693619991638,-0.0021456210402539012,0.00013462704325017285,-0.00038050156348617856,-0.00011840457746681295,0.0002927703643217685,-0.0003445956342814815,0.001309834442023809,3.5537856456357476e-05,-0.00010939261837241547,-1.8617897003422926e-05,1.7440287920180033e-05,6.362826485807707e-05,0.0011614054089295676,-0.010779703124329293,-0.011881910504695647,-0.010715391493674058,-4.085534601473341e-06,0.0001365460003338132,5.5144987612341e-05,0.0004827674387100479,-0.0025121845614436704,-0.0020797656835444896,-0.009890184968341298,-0.021759869175536253,0.00013060239987680683,-4.948138569791662e-06,-2.633208408951637e-05,0.00011005562012239072,2.331094826028408e-05,-0.00048296078845548005,-0.007801137819769793,-0.002846103653525157
9386,2.9010821114448565e-05,-8.740188165878198e-05,-0.00022863762482302246,0.0014494146057404567,0.0004782538675741893,-0.0010851581689591218,0.00033457981451647385,-0.0004688222167897034,2.3498235871859114e-05,-0.00043090598580117055,-0.00029354782115357457,0.00013318653043825195,8.141017324911912e-05,-1.8054417644933092e-06,7.824158751948975e-05,-9.795753227081084e-05,0.0006542885272453219,0.0009408490379185737,-0.015110825139466518,-0.011694463301585833,-0.014152150761704735,0.0001498165737333105,3.5430053054975125e-05,0.000765446254129833,0.0007631456980986209,-0.003417679231594471,-0.0010672392150930432,-0.010237122681185915,-0.021422658058969923,0.0005496818743025256,-2.587585108509872e-05,-1.3269630241363544e-05,-5.232907715253618e-06,-0.0006899507717268217,0.0008035670838823232,-0.006623640747372216,0.000342540886000885
9387,0.0013649609221223118,-7.435218916118441e-06,-3.586533110743886e-05,2.6993043720722864e-05,0.00016521031997399513,-8.490518443674497e-05,0.00027500970182397073,0.00012394824724954744,-9.410342492628745e-05,0.0005456772217682262,-0.00010288172896252872,0.000492006168351507,0.0014073639429019128,-5.613368101573341e-05,-2.913129477140891e-06,-0.00013267925804636178,2.2296124273756587e-05,0.0018556334495466833,-0.004837043515678184,-0.014395967224748653,-0.005699483237112873,-7.153723961285625e-05,0.0001809277190477593,0.000566448153986131,8.716438120842641e-07,-0.0022981043443238967,-0.00450169659316695,-0.01067731670443512,-0.027625994411161325,-0.00018846084092122867,5.495863491281392e-05,9.899132613402526e-06,-1.3944689999330314e-06,-0.001480258265413189,-0.0018969688155145074,-0.007822813591434776,-0.004620227721558573
9388,6.781922944355709e-05,1.1346557585056546e-05,-0.00026029419280045285,0.0012032645442135003,0.0012702952010052587,-0.0008642764507870498,6.014910846715736e-05,0.0006532813277832858,-3.623542928835378e-05,-6.703475082758841e-05,-2.7599432117637393e-06,-1.2123175935509404e-05,-0.00021324251235152187,7.103135304835916e-05,0.00023422800276118048,0.00022616930839528036,-0.0006619416968896988,0.001402991266416697,-0.014402587555038433,-0.015671369481909395,-0.003913192944601177,-4.193367853683089e-05,0.00044097199512180057,0.0009621093163150368,0.0002873772111100464,-0.002634213297084594,-0.0041595030520693395,-0.009965722455526701,-0.023581626974628313,0.0008128692103006561,-0.0003143221211697286,-3.154575446387808e-05,2.5351061970772055e-05,-0.00040724445173206383,0.0010702301101991895,-0.00778074755294559,-0.0033195483506036298
9389,2.85163599375553e-07,-6.0741155369517226e-05,-0.0003166489563106261,0.0007264597903122188,0.0004942973754562751,-0.0009544314632269868,0.000199125196668319,4.906847626746937e-05,-7.049385817178349e-05,5.756958610921649e-05,-8.777650917181572e-05,2.6864473863195694e-05,0.0002039963646287416,-4.271675298999395e-05,7.617266082282543e-05,-1.0195533589770989e-05,0.0004264181173251316,0.0005286021210486077,-0.006065424359112513,-0.004620954335744804,-0.013766002516980127,-0.00015963147607787312,0.00013323968722640233,0.0004987304139649493,0.00037815214037739946,-0.003428720952263878,-0.003376341073502167,-0.010471602027246263,-0.03170364387284887,0.000586993772594725,8.445781936946486e-05,-6.358302683413888e-06,2.6154600006218884e-05,-0.0004335381603838569,-0.002280877930364414,-0.006652095040481074,0.0004696301552273028
9390,-0.00011469356463445929,-5.1478794096814364e-05,-0.00013434305253516167,0.0012033983060003568,1.3779241999145445e-05,-0.0006048753682989632,0.00044892332341987676,0.0004720794298918907,-1.2655509247754116e-05,8.580237568821735e-05,-0.0004122085947892628,0.0011071175933466306,0.0005796919488542094,-0.00026065272870861607,-2.414001462360297e-05,5.568255185304849e-05,0.0006423808084218778,0.003339325211612351,-0.0022767437245541557,-0.012009613045762915,-0.010854779488193647,-9.368143015308165e-05,0.00016847076369837496,0.0005902559458627369,0.0016660207131644717,-0.0019228271607425991,-0.003194921765340647,-0.01020810736352966,-0.03649667557134914,-3.367181033051177e-05,1.650191261432215e-06,-1.0234802903141151e-05,0.00017117582921249335,-0.0003891225507444084,-0.0006490407490249098,-0.006556796615283626,-0.003776465378274831
9391,0.001067086820451854,-9.603413316653948e-05,6.911592208789239e-07,0.0009867167837607352,0.0002399774375953718,-0.0022085182564721135,0.0003548994607020475,0.0005640638863163381,-3.452727134572247e-05,7.418821527001584e-05,0.0007001756355748508,0.00011795014511638533,0.000935923089661324,-4.236890808290998e-05,1.9235949924526955e-05,0.00010176173450114855,-0.00018787000056666567,0.002049715303389045,-0.010720478584795879,-0.011516172209909808,-0.012881443675238797,-1.181969079576854e-05,2.3865650194543e-05,0.0009691330413140048,0.0008539548403738679,-0.002178893432137556,-0.004046201707387809,-0.011118346643440117,-0.022665832616136566,-7.526952734527514e-05,-0.00025167349250599253,-9.029311079454345e-05,7.862306859654787e-05,0.00013419906036385052,-0.0019562661544963098,-0.006935680171397204,-0.0017964411900417562
